{
 "nodes": {
  "node-red": {
   "name": "node-red",
   "version": "0.19.5-git",
   "local": false,
   "nodes": {
    "sentiment": {
     "name": "sentiment",
     "types": [
      "sentiment"
     ],
     "enabled": true,
     "local": false,
     "module": "node-red",
     "file": "C:\\Users\\tacke\\Desktop\\node-red-mushroom\\mushroom-node-red\\nodes\\core\\analysis\\72-sentiment.js"
    },
    "inject": {
     "name": "inject",
     "types": [
      "inject"
     ],
     "enabled": true,
     "local": false,
     "module": "node-red",
     "file": "C:\\Users\\tacke\\Desktop\\node-red-mushroom\\mushroom-node-red\\nodes\\core\\core\\20-inject.js"
    },
    "catch": {
     "name": "catch",
     "types": [
      "catch"
     ],
     "enabled": true,
     "local": false,
     "module": "node-red",
     "file": "C:\\Users\\tacke\\Desktop\\node-red-mushroom\\mushroom-node-red\\nodes\\core\\core\\25-catch.js"
    },
    "status": {
     "name": "status",
     "types": [
      "status"
     ],
     "enabled": true,
     "local": false,
     "module": "node-red",
     "file": "C:\\Users\\tacke\\Desktop\\node-red-mushroom\\mushroom-node-red\\nodes\\core\\core\\25-status.js"
    },
    "debug": {
     "name": "debug",
     "types": [
      "debug"
     ],
     "enabled": true,
     "local": false,
     "module": "node-red",
     "file": "C:\\Users\\tacke\\Desktop\\node-red-mushroom\\mushroom-node-red\\nodes\\core\\core\\58-debug.js"
    },
    "link": {
     "name": "link",
     "types": [
      "link in",
      "link out"
     ],
     "enabled": true,
     "local": false,
     "module": "node-red",
     "file": "C:\\Users\\tacke\\Desktop\\node-red-mushroom\\mushroom-node-red\\nodes\\core\\core\\60-link.js"
    },
    "exec": {
     "name": "exec",
     "types": [
      "exec"
     ],
     "enabled": true,
     "local": false,
     "module": "node-red",
     "file": "C:\\Users\\tacke\\Desktop\\node-red-mushroom\\mushroom-node-red\\nodes\\core\\core\\75-exec.js"
    },
    "function": {
     "name": "function",
     "types": [
      "function"
     ],
     "enabled": true,
     "local": false,
     "module": "node-red",
     "file": "C:\\Users\\tacke\\Desktop\\node-red-mushroom\\mushroom-node-red\\nodes\\core\\core\\80-function.js"
    },
    "template": {
     "name": "template",
     "types": [
      "template"
     ],
     "enabled": true,
     "local": false,
     "module": "node-red",
     "file": "C:\\Users\\tacke\\Desktop\\node-red-mushroom\\mushroom-node-red\\nodes\\core\\core\\80-template.js"
    },
    "delay": {
     "name": "delay",
     "types": [
      "delay"
     ],
     "enabled": true,
     "local": false,
     "module": "node-red",
     "file": "C:\\Users\\tacke\\Desktop\\node-red-mushroom\\mushroom-node-red\\nodes\\core\\core\\89-delay.js"
    },
    "trigger": {
     "name": "trigger",
     "types": [
      "trigger"
     ],
     "enabled": true,
     "local": false,
     "module": "node-red",
     "file": "C:\\Users\\tacke\\Desktop\\node-red-mushroom\\mushroom-node-red\\nodes\\core\\core\\89-trigger.js"
    },
    "comment": {
     "name": "comment",
     "types": [
      "comment"
     ],
     "enabled": true,
     "local": false,
     "module": "node-red",
     "file": "C:\\Users\\tacke\\Desktop\\node-red-mushroom\\mushroom-node-red\\nodes\\core\\core\\90-comment.js"
    },
    "unknown": {
     "name": "unknown",
     "types": [
      "unknown"
     ],
     "enabled": true,
     "local": false,
     "module": "node-red",
     "file": "C:\\Users\\tacke\\Desktop\\node-red-mushroom\\mushroom-node-red\\nodes\\core\\core\\98-unknown.js"
    },
    "rpi-gpio": {
     "name": "rpi-gpio",
     "types": [
      "rpi-gpio in",
      "rpi-gpio out",
      "rpi-mouse",
      "rpi-keyboard"
     ],
     "enabled": true,
     "local": false,
     "module": "node-red",
     "file": "C:\\Users\\tacke\\Desktop\\node-red-mushroom\\mushroom-node-red\\nodes\\core\\hardware\\36-rpi-gpio.js"
    },
    "tls": {
     "name": "tls",
     "types": [
      "tls-config"
     ],
     "enabled": true,
     "local": false,
     "module": "node-red",
     "file": "C:\\Users\\tacke\\Desktop\\node-red-mushroom\\mushroom-node-red\\nodes\\core\\io\\05-tls.js"
    },
    "mqtt": {
     "name": "mqtt",
     "types": [
      "mqtt in",
      "mqtt out",
      "mqtt-broker"
     ],
     "enabled": true,
     "local": false,
     "module": "node-red",
     "file": "C:\\Users\\tacke\\Desktop\\node-red-mushroom\\mushroom-node-red\\nodes\\core\\io\\10-mqtt.js"
    },
    "httpin": {
     "name": "httpin",
     "types": [
      "http in",
      "http response"
     ],
     "enabled": true,
     "local": false,
     "module": "node-red",
     "file": "C:\\Users\\tacke\\Desktop\\node-red-mushroom\\mushroom-node-red\\nodes\\core\\io\\21-httpin.js"
    },
    "httprequest": {
     "name": "httprequest",
     "types": [
      "http request"
     ],
     "enabled": true,
     "local": false,
     "module": "node-red",
     "file": "C:\\Users\\tacke\\Desktop\\node-red-mushroom\\mushroom-node-red\\nodes\\core\\io\\21-httprequest.js"
    },
    "websocket": {
     "name": "websocket",
     "types": [
      "websocket in",
      "websocket out",
      "websocket-listener",
      "websocket-client"
     ],
     "enabled": true,
     "local": false,
     "module": "node-red",
     "file": "C:\\Users\\tacke\\Desktop\\node-red-mushroom\\mushroom-node-red\\nodes\\core\\io\\22-websocket.js"
    },
    "watch": {
     "name": "watch",
     "types": [
      "watch"
     ],
     "enabled": true,
     "local": false,
     "module": "node-red",
     "file": "C:\\Users\\tacke\\Desktop\\node-red-mushroom\\mushroom-node-red\\nodes\\core\\io\\23-watch.js"
    },
    "tcpin": {
     "name": "tcpin",
     "types": [
      "tcp in",
      "tcp out",
      "tcp request"
     ],
     "enabled": true,
     "local": false,
     "module": "node-red",
     "file": "C:\\Users\\tacke\\Desktop\\node-red-mushroom\\mushroom-node-red\\nodes\\core\\io\\31-tcpin.js"
    },
    "udp": {
     "name": "udp",
     "types": [
      "udp in",
      "udp out"
     ],
     "enabled": true,
     "local": false,
     "module": "node-red",
     "file": "C:\\Users\\tacke\\Desktop\\node-red-mushroom\\mushroom-node-red\\nodes\\core\\io\\32-udp.js"
    },
    "switch": {
     "name": "switch",
     "types": [
      "switch"
     ],
     "enabled": true,
     "local": false,
     "module": "node-red",
     "file": "C:\\Users\\tacke\\Desktop\\node-red-mushroom\\mushroom-node-red\\nodes\\core\\logic\\10-switch.js"
    },
    "change": {
     "name": "change",
     "types": [
      "change"
     ],
     "enabled": true,
     "local": false,
     "module": "node-red",
     "file": "C:\\Users\\tacke\\Desktop\\node-red-mushroom\\mushroom-node-red\\nodes\\core\\logic\\15-change.js"
    },
    "range": {
     "name": "range",
     "types": [
      "range"
     ],
     "enabled": true,
     "local": false,
     "module": "node-red",
     "file": "C:\\Users\\tacke\\Desktop\\node-red-mushroom\\mushroom-node-red\\nodes\\core\\logic\\16-range.js"
    },
    "split": {
     "name": "split",
     "types": [
      "split",
      "join"
     ],
     "enabled": true,
     "local": false,
     "module": "node-red",
     "file": "C:\\Users\\tacke\\Desktop\\node-red-mushroom\\mushroom-node-red\\nodes\\core\\logic\\17-split.js"
    },
    "sort": {
     "name": "sort",
     "types": [
      "sort"
     ],
     "enabled": true,
     "local": false,
     "module": "node-red",
     "file": "C:\\Users\\tacke\\Desktop\\node-red-mushroom\\mushroom-node-red\\nodes\\core\\logic\\18-sort.js"
    },
    "batch": {
     "name": "batch",
     "types": [
      "batch"
     ],
     "enabled": true,
     "local": false,
     "module": "node-red",
     "file": "C:\\Users\\tacke\\Desktop\\node-red-mushroom\\mushroom-node-red\\nodes\\core\\logic\\19-batch.js"
    },
    "CSV": {
     "name": "CSV",
     "types": [
      "csv"
     ],
     "enabled": true,
     "local": false,
     "module": "node-red",
     "file": "C:\\Users\\tacke\\Desktop\\node-red-mushroom\\mushroom-node-red\\nodes\\core\\parsers\\70-CSV.js"
    },
    "HTML": {
     "name": "HTML",
     "types": [
      "html"
     ],
     "enabled": true,
     "local": false,
     "module": "node-red",
     "file": "C:\\Users\\tacke\\Desktop\\node-red-mushroom\\mushroom-node-red\\nodes\\core\\parsers\\70-HTML.js"
    },
    "JSON": {
     "name": "JSON",
     "types": [
      "json"
     ],
     "enabled": true,
     "local": false,
     "module": "node-red",
     "file": "C:\\Users\\tacke\\Desktop\\node-red-mushroom\\mushroom-node-red\\nodes\\core\\parsers\\70-JSON.js"
    },
    "XML": {
     "name": "XML",
     "types": [
      "xml"
     ],
     "enabled": true,
     "local": false,
     "module": "node-red",
     "file": "C:\\Users\\tacke\\Desktop\\node-red-mushroom\\mushroom-node-red\\nodes\\core\\parsers\\70-XML.js"
    },
    "YAML": {
     "name": "YAML",
     "types": [
      "yaml"
     ],
     "enabled": true,
     "local": false,
     "module": "node-red",
     "file": "C:\\Users\\tacke\\Desktop\\node-red-mushroom\\mushroom-node-red\\nodes\\core\\parsers\\70-YAML.js"
    },
    "tail": {
     "name": "tail",
     "types": [
      "tail"
     ],
     "enabled": true,
     "local": false,
     "module": "node-red",
     "file": "C:\\Users\\tacke\\Desktop\\node-red-mushroom\\mushroom-node-red\\nodes\\core\\storage\\28-tail.js"
    },
    "file": {
     "name": "file",
     "types": [
      "file",
      "file in"
     ],
     "enabled": true,
     "local": false,
     "module": "node-red",
     "file": "C:\\Users\\tacke\\Desktop\\node-red-mushroom\\mushroom-node-red\\nodes\\core\\storage\\50-file.js"
    }
   }
  },
  "node-red-dashboard": {
   "name": "node-red-dashboard",
   "version": "2.10.1",
   "local": false,
   "nodes": {
    "ui_base": {
     "name": "ui_base",
     "types": [
      "ui_base"
     ],
     "enabled": true,
     "local": false,
     "module": "node-red-dashboard",
     "file": "C:\\Users\\tacke\\Desktop\\node-red-mushroom\\mushroom-node-red\\node_modules\\node-red-dashboard\\nodes\\ui_base.js"
    },
    "ui_button": {
     "name": "ui_button",
     "types": [
      "ui_button"
     ],
     "enabled": true,
     "local": false,
     "module": "node-red-dashboard",
     "file": "C:\\Users\\tacke\\Desktop\\node-red-mushroom\\mushroom-node-red\\node_modules\\node-red-dashboard\\nodes\\ui_button.js"
    },
    "ui_dropdown": {
     "name": "ui_dropdown",
     "types": [
      "ui_dropdown"
     ],
     "enabled": true,
     "local": false,
     "module": "node-red-dashboard",
     "file": "C:\\Users\\tacke\\Desktop\\node-red-mushroom\\mushroom-node-red\\node_modules\\node-red-dashboard\\nodes\\ui_dropdown.js"
    },
    "ui_switch": {
     "name": "ui_switch",
     "types": [
      "ui_switch"
     ],
     "enabled": true,
     "local": false,
     "module": "node-red-dashboard",
     "file": "C:\\Users\\tacke\\Desktop\\node-red-mushroom\\mushroom-node-red\\node_modules\\node-red-dashboard\\nodes\\ui_switch.js"
    },
    "ui_slider": {
     "name": "ui_slider",
     "types": [
      "ui_slider"
     ],
     "enabled": true,
     "local": false,
     "module": "node-red-dashboard",
     "file": "C:\\Users\\tacke\\Desktop\\node-red-mushroom\\mushroom-node-red\\node_modules\\node-red-dashboard\\nodes\\ui_slider.js"
    },
    "ui_numeric": {
     "name": "ui_numeric",
     "types": [
      "ui_numeric"
     ],
     "enabled": true,
     "local": false,
     "module": "node-red-dashboard",
     "file": "C:\\Users\\tacke\\Desktop\\node-red-mushroom\\mushroom-node-red\\node_modules\\node-red-dashboard\\nodes\\ui_numeric.js"
    },
    "ui_text_input": {
     "name": "ui_text_input",
     "types": [
      "ui_text_input"
     ],
     "enabled": true,
     "local": false,
     "module": "node-red-dashboard",
     "file": "C:\\Users\\tacke\\Desktop\\node-red-mushroom\\mushroom-node-red\\node_modules\\node-red-dashboard\\nodes\\ui_text_input.js"
    },
    "ui_date_picker": {
     "name": "ui_date_picker",
     "types": [
      "ui_date_picker"
     ],
     "enabled": true,
     "local": false,
     "module": "node-red-dashboard",
     "file": "C:\\Users\\tacke\\Desktop\\node-red-mushroom\\mushroom-node-red\\node_modules\\node-red-dashboard\\nodes\\ui_date_picker.js"
    },
    "ui_colour_picker": {
     "name": "ui_colour_picker",
     "types": [
      "ui_colour_picker"
     ],
     "enabled": true,
     "local": false,
     "module": "node-red-dashboard",
     "file": "C:\\Users\\tacke\\Desktop\\node-red-mushroom\\mushroom-node-red\\node_modules\\node-red-dashboard\\nodes\\ui_colour_picker.js"
    },
    "ui_form": {
     "name": "ui_form",
     "types": [
      "ui_form"
     ],
     "enabled": true,
     "local": false,
     "module": "node-red-dashboard",
     "file": "C:\\Users\\tacke\\Desktop\\node-red-mushroom\\mushroom-node-red\\node_modules\\node-red-dashboard\\nodes\\ui_form.js"
    },
    "ui_text": {
     "name": "ui_text",
     "types": [
      "ui_text"
     ],
     "enabled": true,
     "local": false,
     "module": "node-red-dashboard",
     "file": "C:\\Users\\tacke\\Desktop\\node-red-mushroom\\mushroom-node-red\\node_modules\\node-red-dashboard\\nodes\\ui_text.js"
    },
    "ui_gauge": {
     "name": "ui_gauge",
     "types": [
      "ui_gauge"
     ],
     "enabled": true,
     "local": false,
     "module": "node-red-dashboard",
     "file": "C:\\Users\\tacke\\Desktop\\node-red-mushroom\\mushroom-node-red\\node_modules\\node-red-dashboard\\nodes\\ui_gauge.js"
    },
    "ui_chart": {
     "name": "ui_chart",
     "types": [
      "ui_chart"
     ],
     "enabled": true,
     "local": false,
     "module": "node-red-dashboard",
     "file": "C:\\Users\\tacke\\Desktop\\node-red-mushroom\\mushroom-node-red\\node_modules\\node-red-dashboard\\nodes\\ui_chart.js"
    },
    "ui_audio": {
     "name": "ui_audio",
     "types": [
      "ui_audio"
     ],
     "enabled": true,
     "local": false,
     "module": "node-red-dashboard",
     "file": "C:\\Users\\tacke\\Desktop\\node-red-mushroom\\mushroom-node-red\\node_modules\\node-red-dashboard\\nodes\\ui_audio.js"
    },
    "ui_toast": {
     "name": "ui_toast",
     "types": [
      "ui_toast"
     ],
     "enabled": true,
     "local": false,
     "module": "node-red-dashboard",
     "file": "C:\\Users\\tacke\\Desktop\\node-red-mushroom\\mushroom-node-red\\node_modules\\node-red-dashboard\\nodes\\ui_toast.js"
    },
    "ui_ui_control": {
     "name": "ui_ui_control",
     "types": [
      "ui_ui_control"
     ],
     "enabled": true,
     "local": false,
     "module": "node-red-dashboard",
     "file": "C:\\Users\\tacke\\Desktop\\node-red-mushroom\\mushroom-node-red\\node_modules\\node-red-dashboard\\nodes\\ui_ui_control.js"
    },
    "ui_template": {
     "name": "ui_template",
     "types": [
      "ui_template"
     ],
     "enabled": true,
     "local": false,
     "module": "node-red-dashboard",
     "file": "C:\\Users\\tacke\\Desktop\\node-red-mushroom\\mushroom-node-red\\node_modules\\node-red-dashboard\\nodes\\ui_template.js"
    },
    "ui_link": {
     "name": "ui_link",
     "types": [
      "ui_link"
     ],
     "enabled": true,
     "local": false,
     "module": "node-red-dashboard",
     "file": "C:\\Users\\tacke\\Desktop\\node-red-mushroom\\mushroom-node-red\\node_modules\\node-red-dashboard\\nodes\\ui_link.js"
    },
    "ui_tab": {
     "name": "ui_tab",
     "types": [
      "ui_tab"
     ],
     "enabled": true,
     "local": false,
     "module": "node-red-dashboard",
     "file": "C:\\Users\\tacke\\Desktop\\node-red-mushroom\\mushroom-node-red\\node_modules\\node-red-dashboard\\nodes\\ui_tab.js"
    },
    "ui_group": {
     "name": "ui_group",
     "types": [
      "ui_group"
     ],
     "enabled": true,
     "local": false,
     "module": "node-red-dashboard",
     "file": "C:\\Users\\tacke\\Desktop\\node-red-mushroom\\mushroom-node-red\\node_modules\\node-red-dashboard\\nodes\\ui_group.js"
    }
   }
  },
  "node-red-node-email": {
   "name": "node-red-node-email",
   "version": "0.1.29",
   "local": false,
   "nodes": {
    "email": {
     "name": "email",
     "types": [
      "e-mail",
      "e-mail in"
     ],
     "enabled": true,
     "local": false,
     "module": "node-red-node-email",
     "file": "C:\\Users\\tacke\\Desktop\\node-red-mushroom\\mushroom-node-red\\node_modules\\node-red-node-email\\61-email.js"
    }
   }
  },
  "node-red-node-feedparser": {
   "name": "node-red-node-feedparser",
   "version": "0.1.14",
   "local": false,
   "nodes": {
    "feedparse": {
     "name": "feedparse",
     "types": [
      "feedparse"
     ],
     "enabled": true,
     "local": false,
     "module": "node-red-node-feedparser",
     "file": "C:\\Users\\tacke\\Desktop\\node-red-mushroom\\mushroom-node-red\\node_modules\\node-red-node-feedparser\\32-feedparse.js"
    }
   }
  },
  "node-red-node-rbe": {
   "name": "node-red-node-rbe",
   "version": "0.2.4",
   "local": false,
   "nodes": {
    "rbe": {
     "name": "rbe",
     "types": [
      "rbe"
     ],
     "enabled": true,
     "local": false,
     "module": "node-red-node-rbe",
     "file": "C:\\Users\\tacke\\Desktop\\node-red-mushroom\\mushroom-node-red\\node_modules\\node-red-node-rbe\\rbe.js"
    }
   }
  },
  "node-red-node-twitter": {
   "name": "node-red-node-twitter",
   "version": "1.1.4",
   "local": false,
   "nodes": {
    "twitter": {
     "name": "twitter",
     "types": [
      "twitter-credentials",
      "twitter in",
      "twitter out"
     ],
     "enabled": false,
     "local": false,
     "module": "node-red-node-twitter",
     "file": "C:\\Users\\tacke\\Desktop\\node-red-mushroom\\mushroom-node-red\\node_modules\\node-red-node-twitter\\27-twitter.js"
    }
   }
  }
 },
 "_credentialSecret": "39da241b4a41e6421d45af02192b08200603f01e88efb88b97158d9bab5a933c",
 "users": {
  "_": {
   "editor": {
    "view": {
     "view-grid-size": 20,
     "view-node-status": true,
     "view-show-tips": true,
     "view-snap-grid": true,
     "view-show-grid": true
    }
   }
  }
 }
}